Source;Word;AVG;Google Translate;MK
LIWC;abandoned;2;hylätty;hylätty
;able;5;pystyä;pysty
;abominable;1;iljettävä;iljet
Warriner;abuse;1;väärinkäyttö;väärinkäyttö
;accent;5;aksentti;aksentti
;accentuate;5;painottaa;painottaa
LIWC;accept;6,5;hyväksyä;hyväksyä
;ache;2,5;särky;särky
;actually;5;itse asiassa;itse asiassa
LIWC;advantageous;7;edullinen;edullinen
Warriner;afraid;3;peloissaan;peloiss
LIWC;agree;5,5;olla samaa mieltä;olla samaa mieltä
LIWC;agrees;5,5;suostuu;suostu
Russel;alarmed;3,5;huolissaan;huolissaan
;allright;6,5;selvä;selvä
Warriner;amazing;9;mahtava;mahtava
Russel;angry;1,5;suuttunut;suuttunut
;annoyance;2,5;ärsyttävyys;ärsyttävä
Russel;annoyed;2,5;vihainen;vihainen
STACK OVERFLOW;annoying;2,5;ärsyttävä;ärsyttävä
;another;5;toinen;toinen
;antic;5;naurettava;ilveillä
;anyway;5;joka tapauksessa;
;apologies;4,5;anteeksi;anteeksi
;appreciate;6;arvostaa;arvostaa
STACK OVERFLOW;appreciated;6;Ymmärretään;arvostettu
;approach;5;lähestyä;lähestyä
Russel;aroused;5;herättänyt;herätä
;assail;3,5;ahdistaa;käydä päälle
;astonishing ;6,5;hämmästyttävä;
;atrocious;1,5;julma;julma
Warriner;attack;4;hyökkäys;hyök
;attacks;4;iskut;hyökkäys
;aweful;4;aweful;
SentiStrength;awesome;9;mahtava;mahtava
Warriner;awful;1,5;hirveä;hirve
;bad;2,5;huono;huono
;bask;5,5;paistatella;paistatella
;being;5;ollessa;olla
;bemused;4;hämmentynyt;hämmentynyt
;beneficial;6,5;suotuisa;suotuisa
LIWC;best;8;parhaat;paras
;better;6,5;paremmin;paremmin
;bit;5;bitti;bitti
;blocker;3;esto;blocker
;boolean;5;boolean;boolean
Russel;bored;4,5;kyllästynyt;tyls
;bother;4;vaivautua;vaivautua
;bothersome;3,5;kiusallinen;kiusallinen
;bottom;5;pohja;pohja
;btw;5;bTW;btw
;bugs;4,5;Bugs;bugi
;but;5;mutta;mutta
Russel;Calm;5;rauhoittaa;rauhoit
;calmness;5;tyyneys;tyyney
;care;5,5;hoito;hoito
;case;5;tapaus;tapaus
;cases;5;tapauksissa;tapauks
;certainly;5;varmasti;varmasti
;character;5;merkki;merkki
;cheers;7;Kippis;kippis
;cherished;6,5;arvossa pidetty;arvostettu
;chilling;4,5;hyytävä;hyytävä
;circumstances;5;olosuhteet;olosuhteet
LIWC;clever;6;taitava;taitava
;collected;5;koottu;koota
;collector;5;keräilijä;keräilijä
;commit;5,5;sitoutumaan;commit
;committed;5;sitoutunut;commit
;completely;5;täysin;täysin
;comprehended;5;käsittänyt;käsittää
LIWC;concentrate;5;keskittää;keskittää
;concern;4,5;koskea;koskea
;concord;6;sopu;sopu
;concur;6;yhtyä;yhtyä
;confounded;4;kirottu;kirottu
LIWC;confused;4;hämmentynyt;hämmentynyt
;confusing;4;hämmentävä;hämmentävä
;constraint;5;rajoite;rajoite
Russel;content;5,5;pitoisuus;pitoisuus
;contented;6;tyytyväinen;tyytyväinen
;contents;5;sisällys;sisältää
;contribute;5,5;edistävät;edistävät
;convenient;6;mukava;mukava
;convinced;5;vakuuttunut;vakuuttua
;cool;6,5;viileä;viileä
SentiStrength;corrupt;4;turmeltunut;turmeltua
;corrupted;4;vioittunut;vioittu
;corruption;4;korruptio;korruptio
SentiStrength;corruptions;4;korruptioiden;korruptiot
;course;5;kurssi;kurssi
LIWC;create;5;luoda;luoda
;created;5;luotu;luotu
;creates;5;luo;luo
;creating;5,5;luominen;luominen
LIWC;creative;5,5;luova;luova
LIWC;critical;3,5;kriittinen;kriitti
SentiStrength;dead;4;kuollut;kuollut
;decease;4;kuolema;kuolema
;decompress;5;purkaa;purkaa
;dedicate;5;omistaa;omistaa
;defeated;4,5;voitti;lyöty
;defer;4,5;lykätä;lykätä
Russel;delighted;7,5;iloinen;iloinen
;demoralize;3;turmella;turmella
Russel;depression;1,5;masennus;masen
;derelict;3,5;ränsistynyt;ränsistynyt
;deserted;4,5;autio;autio
SentiStrength;desirable;5,5;toivottava;toivottava
;desire;6;himoita;himoita
;destiny;5;kohtalo;kohtalo
LIWC;destroy;3,5;tuhota;tuhota
;destruct;4;destruct;tuhoutua
Warriner;determination;5,5;päättäväisyys;päättäväisyys
SentiStrength;devote;5,5;omistaa;omistaa
Warriner;die;3;kuolla;kuolla
;difficult;5;vaikea;vaikea
;difficulties;5;vaikeudet;vaikeu
;difficulty;5;vaikeus;vaikeus
;dire;4,5;hirveä;hirveä
;disappointed;3,5;pettynyt;pettynyt
Russel;Distressed;3,5;levoton;levoton
;divine;6;jumalallinen;jumalallinen
;down;4,5;alas;alas
;dreadful;2;kauhea;kauhea
;drooping;4;roikkuvat;roikkuvat
;due;5;maksettava;maksettava
;easy;5,5;helppo;helppo
;effectively;5;tehokkaasti;tehok
;elegant;6;tyylikäs;tyylikäs
;emotional;5;tunteellinen;tunteellinen
;emphasise;5;painottaa;painottaa
;emphasize;5;painottaa;painottaa
;enabled;5,5;käytössä;salli
LIWC;energy;5;energia;energia
SentiStrength;enjoy;6;nauttia;nauttia
STACK OVERFLOW;error;4;virhe;virhe
;errors;4;virheitä;virheitä
;especially;5;erityisesti;erityisesti
;everyone;5;jokainen;jokainen
;everything;5;kaikki;kaikki
Warriner;evil;2,5;paha;paha
;exceed;5,5;ylittää;ylittää
Warriner;excellent;8;erinomainen;erinomainen
;exception;4,5;poikkeus;poikkeus
Warriner;excited;6,5;innoissaan;innoissa
SentiStrength;exciting;6;jännittävä;jännittä
;exit;4,5;poistuminen;poistu
;expire;4,5;mennä umpeen;umpeutua
;exposure;5;valotus;altistus
;extremely;5;erittäin;erittäin
Warriner;fail;3,5;epäonnistua;epäonnistua
LIWC;failed;3,5;epäonnistui;epäonnistui
;failing;3,5;puuttuessa;epäonnistuva
;fails;3,5;epäonnistuu;epäonnistuu
Warriner;failure;3,5;vika;epäonnistumiset
;failures;3,5;epäonnistumiset;epäonnistumiset
;fairly;5;melko;melko
;FALSE;5;väärä;epätosi
;fanstical;8;fanstical;upea
;fantabulous;7,5;fantabulous;
Warriner;fantastic;7,5;fantastinen;fantastinen
Warriner;fatal;3;kohtalokas;fatal
;fate;5;kohtalo;kohtalo
;fault;4;vika;vika
;favorable;6;suotuisa;suosia
;favourable;6;suotuisa;suotuisa
SentiStrength;fear;4;pelko;pelk
;fearful;4;peloissaan;peloissaan
;fearfulness;4;pelokkuus;pelokkuus
;fearsome;4;hirveä;pelottava
;feasible;5;mahdollinen;mahdoll
;feedback;5;palaute;palaute
;feel;5;tuntea;tuntea
;feel;5;tuntea;tunne
;finding;5;havainto;havainto
SentiStrength;fine;5,5;hieno;hieno
;focusing;5;tarkennus;keskitt
;foiled;5;foiled;ehkäis
;following;5;seurata;seurata
;forgot;4,5;unohti;unoh
;fortune;5;onni;onni
;found;5;löydetty;löydetty
Warriner;free;5,5;vapaa;vapaa
Warriner;freedom;6;vapaus;vapaus
Warriner;friendly;6;ystävällinen;ystävällinen
;fright;4,5;säikähdys;säikäh
;frightening;4,5;pelottava;pelottava
;frightful;3,5;pelottava;pelott
Russel;frustrated;3;turhautunut;turhaut
STACK OVERFLOW;frustrating;3;turhauttava;turhauttava
SentiStrength;garbage;5;roska;roska
;generally;5;yleisesti;yleis
;give;5;antaa;antaa
Russel;glad;5,5;iloinen;iloinen
Russel;gloomy;4;synkkä;synkkä
Warriner;good;6,5;hyvä;hyvä
SentiStrength;great;7,5;loistava;loistava
;greatly;6,5;suuresti;suuresti
SentiStrength;grief;2,5;suru;suru
;grotesque;4;groteski;irvokas
;guess;5;arvaus;arvaus
;guessing;5;arvaamaan;arvaamaan
;guys;5;te;te
;handling;5;käsittely;käsittely
;happen;5;tapahtua;tapahtu
LIWC;happier;6,5;onnellisempi;onnellisempi
Warriner;happy;6,5;onnellinen;onnell
;hassle;4,5;hässäkkä;hässäkkä
;headache;4;päänsärky;päänsärky
;hear;5;kuulla;kuulla
;hearthache;3,5;hearthache;murhe
;hearthbreak;3,5;hearthbreak;suru
LIWC;hell;2,5;helvetti;helvetti
;help;5;auta;auta
STACK OVERFLOW;helpful;6,5;hyödyllinen;hyödyllinen
SentiStrength;hero;5,5;sankari;ankari
;hi;5;Moi;moi
;high;5;korkea;korkea
;higher;5;korkeampi;korkeampi
;highly;5,5;erittäin;erittäin
;hits;5;osumia;osum
;hold ;5;pitää;pitää
;honored;5,5;kunnioitettava;kunnioit
SentiStrength;hope;6;toivoa;toivo
;hopefully;5,5;Toivon mukaan;toivottavasti
;hoping;5;toivoen;toivo
;horrendous;2;kauhistuttava;kaihistuttava
Warriner;horrible;2;kamala;kamala
;horrific;2;kauhistuttava;kauhistuttava
;horrifying;2,5;kauhistuttava;hirvittävä
;however;5;kuitenkin;kuitenkin
;human;5;ihmisen;ihminen
;hurt;3;satuttaa;sattua
;hurting;3;vahingoittaa;vahigoit
;idea;5;ajatus;idea
;ideal;5,5;ihanteellinen;ihanteellinen
;ignore;5;jättää huomiotta;jättää huomiotta
SentiStrength;ignored;5;huomiotta;huomiotta
;ignores;5;ohitettavista;ohittaa
Warriner;illegal;4,5;laiton;laiton
;immorality;4;moraalittomuus;moraalittomuus
;important;5;tärkeä;tärkeä
;impossible;3,5;mahdoton;mahdoton
LIWC;impressive;6,5;vaikuttava;vaikuttava
;inconvenient;4;epämukava;epämukava
;indeed;5;todellakin;todella
Warriner;independence;5;itsenäisyys;itsenäisyys
;independency;5;riippumattomuus;riippumattomuus
;information;5;tiedot;tieto
;infraction;4,5;infraction;rike
;infringement;4,5;rikkominen;loukkaus
;iniquity;4;vääryys;vääryys
LIWC;inspired;5,5;innoittunut;inspiroitunut
;interested;5,5;kiinnostunut;kiinnostunut
;interesting;6;mielenkiintoista;mielenkiintoista
;irritated;3,5;ärtynyt;ärty
;irritating;3,5;ärsyttävä;ärsytt
;irritation;3,5;ärsytys;ärsytys
LIWC;isolation;5;eristäminen;erist
;issue;4,5;ongelma;ongelma
Warriner;joy;7;ilo;iloinen
Warriner;kill;4,5;tappaa;tappaa
SentiStrength;killed;4,5;surmattu;surmata
;killing;4;tappaminen;tappaminen
LIWC;kills;4,5;tappaa;tappaa
;launched;5;käynnistettiin;käynnistettiin
;left;5;vasen;vasen
;level;5;taso;taso
;liberate;5;vapauttaa;vapauttaa
;lie;4,5;valehdella;vale
SentiStrength;lies;4,5;valheita;valeh
;little;5;vähän;vähän
;looks;5;ulkonäkö;näyttää
;loose;5;löysä;löysä
;lost;4,5;menetetty;menet
SentiStrength;love;6,5;rakkaus;hieno
LIWC;low;5;matala;matala
SentiStrength;luck;5;onni;onni
;major;4,5;suuri;iso
Warriner;malicious;3,5;ilkeä;haital
;meaning;5;merkitys;merkitys
;messy;4;sotkuinen;sotku
Russel;miserable;3;kurja;kurja
LIWC;missed;4,5;hukata;hukata
SentiStrength;misses;4,5;piti;piti
LIWC;missing;4,5;puuttuva;puuttu
;mistake;4;virhe;virhe
;moving;5;liikkuva;liikku
;name;5;nimi;nimi
;nasty;3;ilkeä;ilkeä
;neat;6;siisti;siisti
;need;5;tarve;tarve
;needs;5;tarpeisiin;tarp
Warriner;negative;4;negatiivinen;negatiiv
;neglect;4;laiminlyödä;laiminlyödä
;neglected;4;laiminlyöty;laiminlyöty
;new;5;Uusi;uusi
;nice;6,5;kiva;kiva
;nicht;5;nicht;
;obviously;5;ilmeisesti;ilmeis
;occurred;5;tapahtui;tapahtui
;occurs;5;tapahtuu;tapahtu
;ok;5;kunnossa;ok
;okay;5;Okei;okei
;onslaught;4;hyökkäystä;hyökkäys
;oops;4,5;Oho;oho
;originative;5;originative;saada alkunsa
;overlooked;4,5;unohdettu;unohdettu
;overstep;4,5;ylittää;ylittää
;ovverride;4,5;ovverride;ohittaa
Warriner;pain;3;kipu;kipu
;painful;3;tuskallinen;tuskall
;particulars;5;tarkemmat tiedot;yksityiskohta
;pass;5,5;kulkea;kulkea
;patch;5;läikkä;päivitys
;peculiar;4,5;erikoinen;erikoinen
;perish;4,5;menehtyä;tuhoutua
;pissed;2,5;kännissä;vihainen
Russel;pleased;7;tyytyväinen;tyytyväinen
;portion;5;osa;osa
Warriner;positive;6;positiivinen;positiivinen
;practice;5;harjoitella;harjoit
SentiStrength;precious;5,5;kallisarvoinen;kallisarvoinen
;preferable;5,5;parempi;parempi
Warriner;pretty;6;nätti;nätti
;priority;5;prioriteetti;prioriteetti
STACK OVERFLOW;problem;4,5;ongelma;ongelma
;problems;4,5;ongelmia;ongelmia
;profane;4;epäpyhä;häväistä
;proposing;5;ehdottaa;ehdot
;protected;5;suojattu;suojattu
;public;5;julkinen;julkinen
;quiet;5;hiljainen;hiljainen
;quite;5;melko;melko
;redundant;4,5;tarpeeton;tarpeeton
;refuse;4,5;kieltäytyä;kieltäy
;regards;5;terveiset;terveis
;regretful;3,5;pahoillaan;pahoillaan
LIWC;rejecting;4,5;hylättiin;hylät
;rejoice;6;iloita;iloita
Warriner;relax;5,5;rentoutua;rentoutua
SentiStrength;relaxed;5,5;rento;rento
;release;5;julkaisu;julkaisu
;relish;5;nautittavuus;nauttia
;required;5;edellytetään;edellytys
;resolve;5,5;ratkaista;ratkai
SentiStrength;respected;5,5;arvostettu;arvost
;restart;5;uudelleenkäynnistää;uudelleenkäynnistää
;restarted;5;uudelleen;uudelleen
;return;5;palata;palata
LIWC;rich;5,5;rikas;rikas
;right;5;oikea;oikea
;riot;5;mellakka;mellakka
;ripping;5;kopiointi;kopioi
Warriner;sad;3,5;surullinen;surullinen
Warriner;safe;6;turvallinen;turvallinen
;said;5;sanoi;sanoi
Russel;satisfied;6;vakuuttunut;vakuuttunut
SentiStrength;scary;3;pelottava;pelottava
;scratch;5;naarmu;naarmu
;scream;4;huutaa;huutaa
Russel;serene;6;seesteinen;seesteinen
;silently;5;hiljaa;hiljaa
Russel;sleepy;5;unelias;unealias
Warriner;smart;5,5;fiksu;fiksu
;smartness;5,5;smartness;fiksuus
Warriner;smile;6;hymy;hymy
;smiling;6;hymyilevä;hymyilevä
;solution;5;ratkaisu;ratkaisu
LIWC;sorry;5;anteeksi;anteeksi
;sounds;5;äänet;äänet
LIWC;special;5;erityinen;erityinen
;specific;5;erityinen;tietty
;specified;5;määritetty;spesifinen
;splendid;7;loistava;loistava
;strain;4,5;rasitus;rasitus
Warriner;stress;4;stressi;stress
;stung;5;pistelee;pistää
;succeed;5,5;menestyä;menestyä
SentiStrength;success;6;menestys;menestys
Warriner;successful;7;onnistunut;onnistu
;suffer;3,5;kärsiä;kärsiä
;suffering;3,5;kärsimys;kärsimys
SentiStrength;suffers;3,5;kärsii;kärsii
;suggestions;5;ehdotukset;ehdotukset
;sulky;4;pahantuulinen;pahatuulinen
SentiStrength;super;7;Super;erinomai
;teasing;5;kiusanteko;kiusata
Russel;tense;4,5;jännittynyt;jännittynyt
Warriner;terrible;2;kauhea;kauhe
Warriner;thank;6;kiittää;kiittää
LIWC;thanks;6;Kiitos;kiitos
;think;5;ajatella;ajatella
;thinking;5;ajattelu;ajattelu
;thwarted;4,5;tyhjäksi;estää
;thx;6;Kiitti;kiitti
Russel;tired;4,5;väsynyt;väsynyt
LIWC;top;5;ylin;ylin
Warriner;traffic;5;liikenne;liikenne
;tranquil;5,5;rauhallinen;rauhallinen
;transcend;5,5;ylittää;ylittää
;treasured;6;arvossa;arvossa
;trivial;5;triviaali;triviaali
;trouble;4,5;vaivata;vaiva
LIWC;troubles;4,5;ongelmia;ongelm
LIWC;TRUE;5;totta;totta
;trump;5;valtti;päihittää
;trust;5,5;luottamus;luottamus
;ugly;4;ruma;ruma
;unclear;5;epäselvä;epäselvä
;understand;5;ymmärtää;ymmärt
LIWC;unfortunately;4;valitettavasti;valitettavasti
Warriner;unhappy;4;onneton;onneton
;unnecessary;4,5;tarpeeton;tarpeeton
;unspeakable;4,5;sanoin kuvaamaton;käsittämätöm
LIWC;unsuccessful;4;epäonnistunut;epäonnistunut
;unusable;3,5;käyttökelvoton;käyttökelvoton
;unwind;5;rentoutua;rentoutunut
;useful;6;hyödyllinen;hyödyllinen
SentiStrength;useless;3,5;hyödytön;hyödytön
;value;5;arvo;arvo
;very;5;erittäin;erittäin
;veto;4,5;veto;veto
;vexing;4;Kiusallinen;kiusallinen
Warriner;victim;5;uhri;uhri
SentiStrength;violated;4,5;rikotaan;rikot
Warriner;violation;4,5;rikkominen;rike
Warriner;virus;4;virus;virus
;void;5;mitätön;void
LIWC;vulnerability;4,5;alttius;alttius
;wanted;5;halusi;halusi
;warn;5;varoittaa;varoittaa
;well;5,5;hyvin;hyvin
;willing;5;halukas;halukas
LIWC;win;5;voittaa;voitto
Warriner;wisdom;6;viisaus;viisaus
;wonderful;7;ihana;ihana
;wondering;5;Mietitkö;mietitkö
;worked;5,5;teki töitä;onnistu
;works;5,5;teokset;toimi
;worried;4;huolestunut;huolestunut
Warriner;worry;4;huoli;huoli
SentiStrength;wow;6;Vau;vau
